"Camera","Species","n_events"
"A06","Baboon",44
"A06","Buffalo",1
"A06","Bushbaby",2
"A06","Bushbuck",9
"A06","Bushpig",6
"A06","Civet",4
"A06","Elephant",2
"A06","Genet",30
"A06","Guineafowl_helmeted",2
"A06","Hare",1
"A06","Honey_badger",1
"A06","Impala",62
"A06","Kudu",5
"A06","Mongoose_white_tailed",1
"A06","Oribi",41
"A06","Porcupine",1
"A06","Reedbuck",20
"A06","Vervet",5
"A06","Warthog",55
"A06","Waterbuck",50
"A06","Wildebeest",8
"A08","Baboon",172
"A08","Bushbuck",32
"A08","Bushpig",9
"A08","Elephant",9
"A08","Genet",89
"A08","Guineafowl_helmeted",1
"A08","Hare",1
"A08","Honey_badger",1
"A08","Human",1
"A08","Impala",30
"A08","Kudu",6
"A08","Mongoose_banded",1
"A08","Mongoose_white_tailed",2
"A08","Oribi",7
"A08","Pangolin",3
"A08","Porcupine",2
"A08","Reedbuck",4
"A08","Sable_antelope",1
"A08","Warthog",57
"A08","Waterbuck",95
"A10","Baboon",153
"A10","Buffalo",1
"A10","Bushbuck",73
"A10","Bushpig",16
"A10","Civet",3
"A10","Duiker_red",1
"A10","Elephant",20
"A10","Genet",26
"A10","Guineafowl_crested",4
"A10","Guineafowl_helmeted",2
"A10","Kudu",1
"A10","Mongoose_banded",2
"A10","Nyala",59
"A10","Porcupine",14
"A10","Reedbuck",4
"A10","Samango",1
"A10","Vervet",26
"A10","Warthog",24
"A10","Waterbuck",15
"B05","Aardvark",13
"B05","Baboon",47
"B05","Buffalo",10
"B05","Bushbuck",16
"B05","Bushpig",8
"B05","Civet",9
"B05","Elephant",6
"B05","Genet",11
"B05","Hare",9
"B05","Hartebeest",23
"B05","Impala",62
"B05","Kudu",14
"B05","Mongoose_marsh",1
"B05","Mongoose_white_tailed",1
"B05","Nyala",1
"B05","Oribi",81
"B05","Porcupine",4
"B05","Reedbuck",32
"B05","Sable_antelope",25
"B05","Serval",1
"B05","Vervet",17
"B05","Warthog",129
"B05","Waterbuck",87
"B05","Wildebeest",12
"B07","Aardvark",1
"B07","Baboon",73
"B07","Bushbuck",49
"B07","Bushpig",9
"B07","Civet",19
"B07","Duiker_common",12
"B07","Duiker_red",1
"B07","Elephant",3
"B07","Genet",11
"B07","Guineafowl_helmeted",1
"B07","Hare",13
"B07","Hartebeest",9
"B07","Hornbill_ground",12
"B07","Impala",102
"B07","Kudu",12
"B07","Mongoose_marsh",1
"B07","Mongoose_white_tailed",4
"B07","Nyala",16
"B07","Oribi",54
"B07","Reedbuck",9
"B07","Sable_antelope",2
"B07","Vervet",4
"B07","Warthog",136
"B07","Waterbuck",80
"B07","Wildebeest",97
"B09","Baboon",139
"B09","Buffalo",2
"B09","Bushbuck",23
"B09","Bushpig",6
"B09","Civet",3
"B09","Elephant",7
"B09","Genet",74
"B09","Guineafowl_helmeted",7
"B09","Hare",1
"B09","Hartebeest",9
"B09","Impala",53
"B09","Kudu",4
"B09","Mongoose_slender",1
"B09","Nyala",11
"B09","Oribi",12
"B09","Porcupine",15
"B09","Reedbuck",2
"B09","Sable_antelope",3
"B09","Samango",2
"B09","Vervet",10
"B09","Warthog",80
"B09","Waterbuck",52
"B09","Wildebeest",1
"C06","Aardvark",8
"C06","Baboon",95
"C06","Buffalo",1
"C06","Bushbuck",159
"C06","Bushpig",12
"C06","Civet",7
"C06","Duiker_common",60
"C06","Duiker_red",1
"C06","Eland",1
"C06","Elephant",7
"C06","Genet",31
"C06","Guineafowl_helmeted",5
"C06","Hare",3
"C06","Hartebeest",1
"C06","Impala",30
"C06","Kudu",9
"C06","Mongoose_banded",1
"C06","Mongoose_large_grey",1
"C06","Mongoose_marsh",6
"C06","Mongoose_white_tailed",2
"C06","Nyala",7
"C06","Oribi",290
"C06","Porcupine",52
"C06","Reedbuck",20
"C06","Sable_antelope",3
"C06","Samango",2
"C06","Warthog",153
"C06","Waterbuck",20
"C08","Baboon",172
"C08","Bushbaby",4
"C08","Bushbuck",100
"C08","Bushpig",24
"C08","Civet",16
"C08","Duiker_common",16
"C08","Elephant",8
"C08","Genet",71
"C08","Guineafowl_helmeted",4
"C08","Hare",3
"C08","Hartebeest",11
"C08","Honey_badger",7
"C08","Impala",84
"C08","Kudu",6
"C08","Mongoose_banded",1
"C08","Mongoose_marsh",3
"C08","Mongoose_slender",9
"C08","Mongoose_white_tailed",1
"C08","Nyala",73
"C08","Oribi",43
"C08","Porcupine",24
"C08","Reedbuck",2
"C08","Samango",20
"C08","Serval",1
"C08","Vervet",12
"C08","Warthog",95
"C08","Waterbuck",69
"D03","Baboon",46
"D03","Buffalo",6
"D03","Bushbuck",345
"D03","Bushpig",6
"D03","Civet",17
"D03","Elephant",2
"D03","Genet",54
"D03","Guineafowl_helmeted",13
"D03","Hartebeest",1
"D03","Honey_badger",7
"D03","Human",1
"D03","Impala",16
"D03","Kudu",3
"D03","Lion",6
"D03","Mongoose_banded",1
"D03","Mongoose_marsh",5
"D03","Mongoose_white_tailed",1
"D03","Nyala",7
"D03","Oribi",16
"D03","Porcupine",24
"D03","Reedbuck",1
"D03","Sable_antelope",1
"D03","Vervet",25
"D03","Warthog",30
"D03","Waterbuck",82
"D05","Baboon",123
"D05","Bushbuck",68
"D05","Bushpig",5
"D05","Civet",12
"D05","Duiker_common",2
"D05","Duiker_red",10
"D05","Elephant",4
"D05","Genet",10
"D05","Guineafowl_crested",1
"D05","Hare",1
"D05","Hornbill_ground",2
"D05","Impala",122
"D05","Kudu",21
"D05","Mongoose_banded",3
"D05","Mongoose_white_tailed",2
"D05","Nyala",94
"D05","Oribi",34
"D05","Pangolin",1
"D05","Porcupine",20
"D05","Reedbuck",1
"D05","Sable_antelope",1
"D05","Samango",1
"D05","Vervet",6
"D05","Warthog",85
"D05","Waterbuck",101
"D07","Baboon",147
"D07","Bushbaby",3
"D07","Bushbuck",289
"D07","Bushpig",10
"D07","Civet",5
"D07","Duiker_common",2
"D07","Duiker_red",1
"D07","Elephant",25
"D07","Genet",41
"D07","Guineafowl_helmeted",2
"D07","Hare",5
"D07","Honey_badger",1
"D07","Hornbill_ground",1
"D07","Human",6
"D07","Impala",158
"D07","Kudu",40
"D07","Mongoose_banded",1
"D07","Mongoose_marsh",4
"D07","Mongoose_slender",1
"D07","Mongoose_white_tailed",1
"D07","Nyala",111
"D07","Oribi",36
"D07","Porcupine",12
"D07","Reedbuck",25
"D07","Sable_antelope",12
"D07","Vervet",6
"D07","Warthog",375
"D07","Waterbuck",200
"D07","Wildebeest",7
"D09","Baboon",18
"D09","Bushbuck",6
"D09","Bushpig",4
"D09","Civet",1
"D09","Elephant",1
"D09","Genet",5
"D09","Hartebeest",2
"D09","Impala",1
"D09","Kudu",1
"D09","Oribi",4
"D09","Porcupine",3
"D09","Reedbuck",2
"D09","Sable_antelope",3
"D09","Warthog",17
"D09","Waterbuck",4
"E02","Baboon",88
"E02","Buffalo",3
"E02","Bushbuck",105
"E02","Bushpig",4
"E02","Civet",16
"E02","Elephant",14
"E02","Genet",7
"E02","Guineafowl_helmeted",21
"E02","Hare",46
"E02","Hartebeest",1
"E02","Hornbill_ground",4
"E02","Human",1
"E02","Impala",245
"E02","Kudu",4
"E02","Lion",2
"E02","Mongoose_bushy_tailed",5
"E02","Mongoose_large_grey",1
"E02","Mongoose_marsh",14
"E02","Mongoose_white_tailed",1
"E02","Oribi",312
"E02","Reedbuck",78
"E02","Serval",1
"E02","Vervet",1
"E02","Warthog",158
"E02","Waterbuck",329
"E04","Baboon",274
"E04","Buffalo",1
"E04","Bushbuck",101
"E04","Bushpig",18
"E04","Civet",15
"E04","Elephant",14
"E04","Genet",27
"E04","Guineafowl_helmeted",24
"E04","Hippo",1
"E04","Honey_badger",2
"E04","Hornbill_ground",6
"E04","Impala",214
"E04","Kudu",3
"E04","Mongoose_marsh",1
"E04","Mongoose_slender",1
"E04","Mongoose_white_tailed",1
"E04","Nyala",13
"E04","Oribi",63
"E04","Porcupine",14
"E04","Reedbuck",13
"E04","Sable_antelope",1
"E04","Vervet",73
"E04","Warthog",198
"E04","Waterbuck",222
"E06","Aardvark",1
"E06","Baboon",131
"E06","Bushbuck",135
"E06","Bushpig",15
"E06","Civet",6
"E06","Duiker_common",10
"E06","Elephant",13
"E06","Genet",18
"E06","Guineafowl_helmeted",1
"E06","Hare",1
"E06","Hornbill_ground",2
"E06","Impala",68
"E06","Kudu",49
"E06","Mongoose_marsh",1
"E06","Mongoose_slender",1
"E06","Nyala",118
"E06","Oribi",5
"E06","Porcupine",13
"E06","Reedbuck",6
"E06","Sable_antelope",2
"E06","Warthog",134
"E06","Waterbuck",169
"E08","Baboon",14
"E08","Buffalo",1
"E08","Bushbuck",20
"E08","Bushpig",3
"E08","Civet",1
"E08","Duiker_common",3
"E08","Elephant",4
"E08","Genet",7
"E08","Guineafowl_helmeted",1
"E08","Hartebeest",11
"E08","Impala",10
"E08","Nyala",2
"E08","Oribi",13
"E08","Reedbuck",1
"E08","Sable_antelope",2
"E08","Warthog",16
"E08","Waterbuck",71
"E08","Wildebeest",3
"E10","Aardvark",1
"E10","Baboon",49
"E10","Bushbuck",26
"E10","Bushpig",4
"E10","Duiker_red",1
"E10","Elephant",14
"E10","Genet",27
"E10","Guineafowl_helmeted",1
"E10","Hartebeest",1
"E10","Honey_badger",1
"E10","Impala",10
"E10","Kudu",7
"E10","Oribi",32
"E10","Reedbuck",29
"E10","Sable_antelope",6
"E10","Warthog",52
"E10","Waterbuck",25
"E12","Baboon",145
"E12","Bushbuck",70
"E12","Bushpig",56
"E12","Civet",14
"E12","Elephant",39
"E12","Guineafowl_helmeted",4
"E12","Hornbill_ground",2
"E12","Human",2
"E12","Mongoose_marsh",1
"E12","Porcupine",2
"E12","Reedbuck",5
"E12","Sable_antelope",1
"E12","Vervet",5
"E12","Warthog",56
"E12","Waterbuck",67
"F01","Aardvark",7
"F01","Baboon",72
"F01","Bushbuck",112
"F01","Bushpig",17
"F01","Civet",24
"F01","Elephant",14
"F01","Genet",3
"F01","Guineafowl_helmeted",12
"F01","Hare",1
"F01","Honey_badger",4
"F01","Impala",245
"F01","Kudu",6
"F01","Lion",3
"F01","Mongoose_white_tailed",8
"F01","Oribi",146
"F01","Porcupine",9
"F01","Reedbuck",36
"F01","Warthog",291
"F01","Waterbuck",415
"F03","Aardvark",3
"F03","Baboon",80
"F03","Buffalo",2
"F03","Bushbuck",52
"F03","Bushpig",1
"F03","Civet",5
"F03","Elephant",7
"F03","Genet",12
"F03","Guineafowl_helmeted",6
"F03","Impala",106
"F03","Kudu",9
"F03","Nyala",4
"F03","Oribi",8
"F03","Pangolin",1
"F03","Reedbuck",4
"F03","Vervet",38
"F03","Warthog",76
"F03","Waterbuck",86
"F05","Aardvark",1
"F05","Baboon",32
"F05","Buffalo",1
"F05","Bushbuck",11
"F05","Bushpig",2
"F05","Civet",2
"F05","Elephant",1
"F05","Genet",9
"F05","Guineafowl_helmeted",4
"F05","Impala",30
"F05","Kudu",1
"F05","Mongoose_large_grey",1
"F05","Mongoose_marsh",1
"F05","Mongoose_white_tailed",1
"F05","Nyala",28
"F05","Oribi",11
"F05","Porcupine",17
"F05","Vervet",5
"F05","Warthog",68
"F05","Waterbuck",49
"F07","Baboon",260
"F07","Buffalo",9
"F07","Bushbaby",1
"F07","Bushbuck",86
"F07","Bushpig",18
"F07","Civet",10
"F07","Duiker_common",3
"F07","Elephant",13
"F07","Genet",9
"F07","Hare",7
"F07","Hartebeest",26
"F07","Honey_badger",3
"F07","Hornbill_ground",8
"F07","Impala",112
"F07","Kudu",37
"F07","Mongoose_large_grey",2
"F07","Mongoose_white_tailed",2
"F07","Nyala",51
"F07","Oribi",55
"F07","Porcupine",13
"F07","Reedbuck",18
"F07","Sable_antelope",10
"F07","Warthog",187
"F07","Waterbuck",270
"F07","Wildebeest",10
"F09","Baboon",5
"F09","Bushbuck",9
"F09","Civet",1
"F09","Elephant",2
"F09","Genet",10
"F09","Guineafowl_helmeted",1
"F09","Honey_badger",3
"F09","Impala",2
"F09","Kudu",4
"F09","Mongoose_slender",2
"F09","Oribi",1
"F09","Porcupine",1
"F09","Reedbuck",6
"F09","Sable_antelope",1
"F09","Warthog",21
"F09","Waterbuck",6
"F09","Wildebeest",1
"F11","Aardvark",7
"F11","Baboon",100
"F11","Buffalo",1
"F11","Bushbuck",90
"F11","Bushpig",5
"F11","Civet",8
"F11","Duiker_common",1
"F11","Elephant",11
"F11","Genet",20
"F11","Guineafowl_helmeted",5
"F11","Hornbill_ground",5
"F11","Impala",7
"F11","Kudu",28
"F11","Mongoose_large_grey",1
"F11","Mongoose_marsh",1
"F11","Mongoose_white_tailed",2
"F11","Nyala",1
"F11","Oribi",23
"F11","Porcupine",3
"F11","Reedbuck",12
"F11","Sable_antelope",27
"F11","Warthog",64
"F11","Waterbuck",34
"F11","Wildebeest",1
"G02","Baboon",121
"G02","Bushbuck",86
"G02","Bushpig",1
"G02","Civet",38
"G02","Elephant",3
"G02","Genet",31
"G02","Guineafowl_helmeted",30
"G02","Hare",1
"G02","Impala",104
"G02","Kudu",4
"G02","Mongoose_marsh",9
"G02","Nyala",1
"G02","Oribi",67
"G02","Porcupine",1
"G02","Samango",27
"G02","Vervet",26
"G02","Warthog",71
"G02","Waterbuck",143
"G04","Aardvark",5
"G04","Baboon",195
"G04","Bushbuck",52
"G04","Bushpig",5
"G04","Civet",7
"G04","Elephant",4
"G04","Genet",1
"G04","Guineafowl_helmeted",14
"G04","Honey_badger",2
"G04","Impala",110
"G04","Mongoose_marsh",10
"G04","Mongoose_white_tailed",4
"G04","Nyala",2
"G04","Oribi",58
"G04","Porcupine",1
"G04","Reedbuck",4
"G04","Samango",2
"G04","Vervet",78
"G04","Warthog",111
"G04","Waterbuck",118
"G06","Aardvark",4
"G06","Baboon",311
"G06","Buffalo",1
"G06","Bushbuck",71
"G06","Bushpig",91
"G06","Civet",21
"G06","Duiker_common",1
"G06","Elephant",12
"G06","Genet",65
"G06","Guineafowl_helmeted",9
"G06","Hartebeest",2
"G06","Honey_badger",2
"G06","Impala",78
"G06","Kudu",9
"G06","Mongoose_banded",5
"G06","Mongoose_bushy_tailed",4
"G06","Mongoose_dwarf",19
"G06","Mongoose_slender",51
"G06","Mongoose_white_tailed",1
"G06","Nyala",72
"G06","Oribi",8
"G06","Porcupine",5
"G06","Reedbuck",1
"G06","Sable_antelope",4
"G06","Vervet",2
"G06","Warthog",135
"G06","Waterbuck",115
"G06","Wildebeest",2
"G08","Aardvark",2
"G08","Baboon",161
"G08","Buffalo",1
"G08","Bushbuck",58
"G08","Bushpig",9
"G08","Civet",20
"G08","Elephant",10
"G08","Genet",30
"G08","Guineafowl_helmeted",3
"G08","Honey_badger",2
"G08","Hornbill_ground",1
"G08","Human",1
"G08","Impala",3
"G08","Kudu",3
"G08","Mongoose_banded",1
"G08","Mongoose_bushy_tailed",1
"G08","Mongoose_large_grey",3
"G08","Mongoose_marsh",34
"G08","Mongoose_white_tailed",2
"G08","Nyala",3
"G08","Oribi",7
"G08","Pangolin",2
"G08","Reedbuck",2
"G08","Vervet",1
"G08","Warthog",42
"G08","Waterbuck",119
"G10","Aardvark",2
"G10","Baboon",312
"G10","Bushbuck",106
"G10","Bushpig",32
"G10","Civet",30
"G10","Duiker_red",141
"G10","Elephant",22
"G10","Genet",107
"G10","Guineafowl_crested",2
"G10","Guineafowl_helmeted",3
"G10","Hartebeest",1
"G10","Hornbill_ground",10
"G10","Human",1
"G10","Impala",7
"G10","Kudu",17
"G10","Mongoose_bushy_tailed",5
"G10","Mongoose_large_grey",2
"G10","Mongoose_marsh",4
"G10","Mongoose_slender",2
"G10","Mongoose_white_tailed",2
"G10","Nyala",80
"G10","Oribi",8
"G10","Porcupine",7
"G10","Sable_antelope",14
"G10","Samango",1
"G10","Serval",1
"G10","Vervet",12
"G10","Warthog",41
"G10","Waterbuck",38
"G12","Baboon",128
"G12","Buffalo",2
"G12","Bushbaby",3
"G12","Bushbuck",65
"G12","Bushpig",23
"G12","Civet",29
"G12","Duiker_red",23
"G12","Elephant",15
"G12","Genet",62
"G12","Guineafowl_helmeted",13
"G12","Hartebeest",3
"G12","Honey_badger",1
"G12","Impala",9
"G12","Kudu",2
"G12","Mongoose_banded",1
"G12","Mongoose_bushy_tailed",1
"G12","Mongoose_large_grey",2
"G12","Mongoose_marsh",4
"G12","Mongoose_slender",11
"G12","Mongoose_white_tailed",1
"G12","Nyala",13
"G12","Oribi",2
"G12","Porcupine",14
"G12","Reedbuck",2
"G12","Sable_antelope",7
"G12","Samango",1
"G12","Warthog",25
"G12","Waterbuck",35
"H03","Baboon",195
"H03","Buffalo",2
"H03","Bushbuck",38
"H03","Bushpig",3
"H03","Civet",72
"H03","Elephant",24
"H03","Genet",7
"H03","Guineafowl_helmeted",3
"H03","Honey_badger",7
"H03","Impala",286
"H03","Kudu",3
"H03","Lion",1
"H03","Nyala",1
"H03","Oribi",63
"H03","Reedbuck",4
"H03","Vervet",4
"H03","Warthog",398
"H03","Waterbuck",593
"H05","Aardvark",1
"H05","Baboon",446
"H05","Buffalo",1
"H05","Bushbuck",137
"H05","Bushpig",7
"H05","Civet",18
"H05","Elephant",24
"H05","Genet",1
"H05","Guineafowl_helmeted",1
"H05","Honey_badger",2
"H05","Hornbill_ground",3
"H05","Human",1
"H05","Impala",500
"H05","Kudu",16
"H05","Mongoose_marsh",1
"H05","Mongoose_white_tailed",1
"H05","Nyala",2
"H05","Oribi",36
"H05","Porcupine",1
"H05","Reedbuck",4
"H05","Vervet",38
"H05","Warthog",200
"H05","Waterbuck",643
"H05","Wildebeest",1
"H07","Baboon",83
"H07","Bushbuck",131
"H07","Bushpig",12
"H07","Civet",39
"H07","Elephant",25
"H07","Genet",41
"H07","Guineafowl_helmeted",2
"H07","Hare",4
"H07","Hartebeest",2
"H07","Honey_badger",3
"H07","Impala",14
"H07","Kudu",9
"H07","Mongoose_large_grey",1
"H07","Mongoose_marsh",2
"H07","Mongoose_slender",1
"H07","Mongoose_white_tailed",4
"H07","Nyala",44
"H07","Oribi",17
"H07","Pangolin",1
"H07","Porcupine",2
"H07","Reedbuck",9
"H07","Warthog",169
"H07","Waterbuck",148
"H09","Aardvark",2
"H09","Baboon",172
"H09","Buffalo",7
"H09","Bushbuck",106
"H09","Bushpig",5
"H09","Civet",15
"H09","Duiker_red",1
"H09","Elephant",18
"H09","Genet",39
"H09","Guineafowl_helmeted",8
"H09","Hartebeest",1
"H09","Impala",2
"H09","Kudu",16
"H09","Mongoose_dwarf",1
"H09","Mongoose_marsh",6
"H09","Mongoose_slender",3
"H09","Nyala",10
"H09","Oribi",13
"H09","Porcupine",16
"H09","Reedbuck",25
"H09","Sable_antelope",11
"H09","Vervet",1
"H09","Warthog",160
"H09","Waterbuck",207
"H11","Baboon",156
"H11","Buffalo",2
"H11","Bushbuck",54
"H11","Bushpig",13
"H11","Civet",7
"H11","Elephant",9
"H11","Genet",83
"H11","Guineafowl_helmeted",3
"H11","Honey_badger",1
"H11","Kudu",6
"H11","Mongoose_banded",1
"H11","Mongoose_marsh",2
"H11","Mongoose_slender",1
"H11","Nyala",3
"H11","Oribi",14
"H11","Porcupine",4
"H11","Reedbuck",1
"H11","Sable_antelope",7
"H11","Vervet",7
"H11","Warthog",20
"H11","Waterbuck",9
"H13","Baboon",54
"H13","Bushbaby",3
"H13","Bushbuck",9
"H13","Bushpig",1
"H13","Civet",5
"H13","Duiker_common",1
"H13","Duiker_red",1
"H13","Elephant",8
"H13","Genet",18
"H13","Guineafowl_helmeted",2
"H13","Hornbill_ground",1
"H13","Impala",4
"H13","Kudu",3
"H13","Mongoose_bushy_tailed",9
"H13","Mongoose_dwarf",1
"H13","Mongoose_marsh",4
"H13","Porcupine",1
"H13","Warthog",9
"H13","Waterbuck",3
"I04","Aardvark",11
"I04","Baboon",202
"I04","Buffalo",7
"I04","Bushbuck",316
"I04","Bushpig",43
"I04","Civet",23
"I04","Elephant",77
"I04","Genet",3
"I04","Guineafowl_helmeted",14
"I04","Hare",30
"I04","Hippo",1
"I04","Honey_badger",9
"I04","Impala",117
"I04","Lion",3
"I04","Mongoose_large_grey",2
"I04","Mongoose_marsh",2
"I04","Mongoose_white_tailed",2
"I04","Oribi",120
"I04","Porcupine",75
"I04","Reedbuck",44
"I04","Serval",2
"I04","Warthog",692
"I04","Waterbuck",898
"I06","Baboon",66
"I06","Bushbuck",23
"I06","Civet",11
"I06","Eland",1
"I06","Elephant",13
"I06","Genet",17
"I06","Guineafowl_helmeted",1
"I06","Hare",2
"I06","Honey_badger",2
"I06","Human",1
"I06","Impala",58
"I06","Kudu",1
"I06","Mongoose_marsh",4
"I06","Mongoose_slender",1
"I06","Mongoose_white_tailed",1
"I06","Nyala",1
"I06","Oribi",38
"I06","Pangolin",1
"I06","Reedbuck",9
"I06","Vervet",1
"I06","Warthog",68
"I06","Waterbuck",71
"I08","Aardvark",2
"I08","Baboon",99
"I08","Bushbaby",1
"I08","Bushbuck",61
"I08","Bushpig",12
"I08","Civet",20
"I08","Elephant",16
"I08","Genet",115
"I08","Guineafowl_helmeted",8
"I08","Honey_badger",7
"I08","Hornbill_ground",1
"I08","Impala",8
"I08","Kudu",14
"I08","Mongoose_dwarf",2
"I08","Mongoose_marsh",1
"I08","Mongoose_slender",1
"I08","Nyala",19
"I08","Oribi",12
"I08","Porcupine",30
"I08","Reedbuck",5
"I08","Sable_antelope",3
"I08","Vervet",3
"I08","Warthog",130
"I08","Waterbuck",148
"I10","Baboon",73
"I10","Buffalo",1
"I10","Bushbuck",69
"I10","Bushpig",3
"I10","Civet",1
"I10","Elephant",8
"I10","Genet",18
"I10","Guineafowl_helmeted",2
"I10","Hare",1
"I10","Honey_badger",1
"I10","Impala",2
"I10","Kudu",14
"I10","Mongoose_banded",4
"I10","Mongoose_bushy_tailed",2
"I10","Nyala",28
"I10","Oribi",24
"I10","Porcupine",8
"I10","Sable_antelope",2
"I10","Vervet",4
"I10","Warthog",64
"I10","Waterbuck",31
"I10","Wildebeest",4
"I12","Baboon",113
"I12","Buffalo",1
"I12","Bushbaby",1
"I12","Bushbuck",49
"I12","Bushpig",3
"I12","Civet",13
"I12","Elephant",9
"I12","Genet",42
"I12","Guineafowl_helmeted",11
"I12","Hare",3
"I12","Honey_badger",1
"I12","Impala",9
"I12","Kudu",2
"I12","Mongoose_banded",1
"I12","Mongoose_marsh",2
"I12","Mongoose_white_tailed",3
"I12","Nyala",1
"I12","Oribi",7
"I12","Porcupine",3
"I12","Sable_antelope",2
"I12","Samango",1
"I12","Serval",1
"I12","Vervet",9
"I12","Warthog",26
"I12","Waterbuck",7
"I14","Baboon",76
"I14","Bushbuck",65
"I14","Bushpig",10
"I14","Civet",28
"I14","Elephant",3
"I14","Genet",125
"I14","Guineafowl_helmeted",1
"I14","Hartebeest",1
"I14","Honey_badger",2
"I14","Hornbill_ground",1
"I14","Human",1
"I14","Impala",9
"I14","Kudu",4
"I14","Mongoose_banded",2
"I14","Mongoose_marsh",22
"I14","Mongoose_slender",2
"I14","Oribi",21
"I14","Reedbuck",1
"I14","Vervet",19
"I14","Warthog",34
"I14","Waterbuck",11
"J03","Baboon",79
"J03","Bushbuck",75
"J03","Bushpig",1
"J03","Civet",10
"J03","Duiker_common",1
"J03","Elephant",8
"J03","Genet",15
"J03","Human",1
"J03","Impala",20
"J03","Mongoose_marsh",2
"J03","Mongoose_white_tailed",2
"J03","Oribi",5
"J03","Porcupine",6
"J03","Warthog",12
"J03","Waterbuck",302
"J05","Baboon",140
"J05","Buffalo",2
"J05","Bushbuck",69
"J05","Bushpig",17
"J05","Civet",5
"J05","Elephant",13
"J05","Genet",79
"J05","Guineafowl_helmeted",4
"J05","Hare",11
"J05","Honey_badger",9
"J05","Impala",5
"J05","Mongoose_banded",2
"J05","Mongoose_large_grey",2
"J05","Mongoose_marsh",1
"J05","Mongoose_slender",5
"J05","Nyala",1
"J05","Oribi",4
"J05","Porcupine",13
"J05","Reedbuck",4
"J05","Vervet",5
"J05","Warthog",153
"J05","Waterbuck",112
"J07","Baboon",48
"J07","Buffalo",8
"J07","Bushbaby",1
"J07","Bushbuck",77
"J07","Bushpig",7
"J07","Civet",2
"J07","Eland",1
"J07","Elephant",5
"J07","Genet",3
"J07","Honey_badger",1
"J07","Hornbill_ground",3
"J07","Impala",11
"J07","Kudu",5
"J07","Mongoose_large_grey",3
"J07","Oribi",48
"J07","Porcupine",1
"J07","Reedbuck",2
"J07","Warthog",337
"J07","Waterbuck",169
"J09","Baboon",68
"J09","Buffalo",1
"J09","Bushbaby",3
"J09","Bushbuck",73
"J09","Bushpig",6
"J09","Civet",30
"J09","Duiker_common",3
"J09","Elephant",10
"J09","Genet",90
"J09","Guineafowl_helmeted",1
"J09","Honey_badger",1
"J09","Impala",1
"J09","Kudu",2
"J09","Mongoose_bushy_tailed",6
"J09","Mongoose_large_grey",4
"J09","Mongoose_marsh",2
"J09","Mongoose_slender",1
"J09","Nyala",9
"J09","Oribi",5
"J09","Porcupine",1
"J09","Reedbuck",1
"J09","Sable_antelope",4
"J09","Vervet",2
"J09","Warthog",77
"J09","Waterbuck",61
"J11","Baboon",25
"J11","Bushbuck",46
"J11","Bushpig",3
"J11","Civet",1
"J11","Duiker_common",1
"J11","Duiker_red",1
"J11","Elephant",4
"J11","Genet",34
"J11","Honey_badger",3
"J11","Kudu",4
"J11","Mongoose_bushy_tailed",3
"J11","Mongoose_white_tailed",1
"J11","Nyala",25
"J11","Oribi",3
"J11","Pangolin",1
"J11","Porcupine",4
"J11","Sable_antelope",14
"J11","Warthog",12
"J11","Waterbuck",1
"J13","Baboon",152
"J13","Buffalo",1
"J13","Bushbaby",4
"J13","Bushbuck",132
"J13","Bushpig",3
"J13","Civet",14
"J13","Duiker_common",5
"J13","Elephant",16
"J13","Genet",43
"J13","Guineafowl_helmeted",2
"J13","Honey_badger",5
"J13","Human",1
"J13","Impala",46
"J13","Kudu",9
"J13","Mongoose_bushy_tailed",2
"J13","Mongoose_marsh",3
"J13","Mongoose_slender",1
"J13","Mongoose_white_tailed",1
"J13","Nyala",9
"J13","Oribi",82
"J13","Porcupine",7
"J13","Reedbuck",2
"J13","Sable_antelope",17
"J13","Serval",1
"J13","Vervet",2
"J13","Warthog",95
"J13","Waterbuck",69
"K04","Aardvark",7
"K04","Baboon",103
"K04","Buffalo",1
"K04","Bushbuck",136
"K04","Bushpig",4
"K04","Civet",34
"K04","Elephant",32
"K04","Genet",21
"K04","Guineafowl_helmeted",2
"K04","Hare",2
"K04","Hippo",1
"K04","Hornbill_ground",1
"K04","Impala",49
"K04","Lion",1
"K04","Mongoose_large_grey",4
"K04","Mongoose_marsh",1
"K04","Oribi",13
"K04","Porcupine",14
"K04","Serval",2
"K04","Warthog",233
"K04","Waterbuck",318
"K06","Aardvark",6
"K06","Baboon",426
"K06","Buffalo",5
"K06","Bushbaby",1
"K06","Bushbuck",337
"K06","Bushpig",4
"K06","Civet",72
"K06","Duiker_common",5
"K06","Eland",4
"K06","Elephant",26
"K06","Genet",160
"K06","Guineafowl_helmeted",4
"K06","Honey_badger",13
"K06","Hornbill_ground",4
"K06","Impala",70
"K06","Kudu",31
"K06","Lion",2
"K06","Mongoose_banded",2
"K06","Mongoose_marsh",2
"K06","Mongoose_white_tailed",1
"K06","Nyala",2
"K06","Oribi",9
"K06","Porcupine",62
"K06","Samango",3
"K06","Vervet",46
"K06","Warthog",1028
"K06","Waterbuck",437
"K08","Aardvark",1
"K08","Baboon",139
"K08","Buffalo",6
"K08","Bushbuck",85
"K08","Bushpig",1
"K08","Civet",18
"K08","Duiker_red",1
"K08","Elephant",13
"K08","Genet",43
"K08","Guineafowl_helmeted",3
"K08","Hornbill_ground",2
"K08","Human",1
"K08","Impala",34
"K08","Kudu",11
"K08","Mongoose_banded",1
"K08","Mongoose_large_grey",1
"K08","Mongoose_marsh",1
"K08","Nyala",11
"K08","Oribi",15
"K08","Reedbuck",4
"K08","Serval",5
"K08","Vervet",1
"K08","Warthog",280
"K08","Waterbuck",98
"K10","Baboon",62
"K10","Bushbuck",35
"K10","Bushpig",14
"K10","Civet",14
"K10","Duiker_red",131
"K10","Elephant",7
"K10","Genet",38
"K10","Guineafowl_helmeted",1
"K10","Honey_badger",5
"K10","Hornbill_ground",2
"K10","Human",1
"K10","Mongoose_bushy_tailed",10
"K10","Mongoose_marsh",7
"K10","Mongoose_slender",1
"K10","Nyala",53
"K10","Porcupine",1
"K10","Reedbuck",1
"K10","Sable_antelope",3
"K10","Vervet",7
"K10","Warthog",77
"K10","Waterbuck",36
"K12","Baboon",41
"K12","Bushbuck",14
"K12","Bushpig",1
"K12","Civet",5
"K12","Duiker_red",1
"K12","Elephant",2
"K12","Genet",38
"K12","Honey_badger",1
"K12","Impala",1
"K12","Kudu",1
"K12","Mongoose_banded",1
"K12","Mongoose_bushy_tailed",6
"K12","Mongoose_large_grey",1
"K12","Mongoose_white_tailed",1
"K12","Nyala",8
"K12","Porcupine",1
"K12","Vervet",2
"K12","Warthog",14
"K12","Waterbuck",3
"L05","Aardvark",12
"L05","Baboon",103
"L05","Buffalo",22
"L05","Bushbuck",552
"L05","Bushpig",35
"L05","Civet",203
"L05","Eland",2
"L05","Elephant",51
"L05","Genet",59
"L05","Guineafowl_helmeted",3
"L05","Hare",14
"L05","Honey_badger",3
"L05","Human",1
"L05","Impala",3
"L05","Lion",5
"L05","Mongoose_banded",3
"L05","Mongoose_large_grey",12
"L05","Mongoose_marsh",13
"L05","Mongoose_white_tailed",3
"L05","Nyala",1
"L05","Oribi",23
"L05","Porcupine",346
"L05","Reedbuck",6
"L05","Serval",19
"L05","Warthog",644
"L05","Waterbuck",441
"L07","Aardvark",1
"L07","Baboon",387
"L07","Buffalo",21
"L07","Bushbaby",1
"L07","Bushbuck",705
"L07","Bushpig",41
"L07","Civet",30
"L07","Eland",3
"L07","Elephant",211
"L07","Genet",60
"L07","Guineafowl_helmeted",9
"L07","Hare",59
"L07","Honey_badger",22
"L07","Kudu",1
"L07","Lion",1
"L07","Mongoose_banded",10
"L07","Mongoose_marsh",14
"L07","Mongoose_white_tailed",2
"L07","Nyala",8
"L07","Oribi",10
"L07","Porcupine",70
"L07","Reedbuck",29
"L07","Serval",2
"L07","Vervet",71
"L07","Warthog",795
"L07","Waterbuck",466
"L09","Baboon",104
"L09","Bushbaby",3
"L09","Bushbuck",250
"L09","Bushpig",25
"L09","Elephant",11
"L09","Genet",41
"L09","Impala",1
"L09","Mongoose_bushy_tailed",18
"L09","Mongoose_large_grey",3
"L09","Mongoose_slender",8
"L09","Nyala",3
"L09","Oribi",4
"L09","Porcupine",22
"L09","Vervet",4
"L09","Warthog",131
"L09","Waterbuck",28
"L11","Baboon",197
"L11","Buffalo",1
"L11","Bushbaby",1
"L11","Bushbuck",243
"L11","Bushpig",12
"L11","Civet",25
"L11","Duiker_red",1
"L11","Elephant",17
"L11","Genet",58
"L11","Guineafowl_helmeted",3
"L11","Hare",7
"L11","Honey_badger",2
"L11","Hornbill_ground",2
"L11","Impala",8
"L11","Kudu",19
"L11","Mongoose_banded",2
"L11","Mongoose_bushy_tailed",2
"L11","Mongoose_marsh",2
"L11","Mongoose_slender",5
"L11","Nyala",73
"L11","Oribi",16
"L11","Porcupine",14
"L11","Sable_antelope",2
"L11","Samango",1
"L11","Vervet",14
"L11","Warthog",241
"L11","Waterbuck",78
"L11","Wildebeest",1
"L13","Aardvark",4
"L13","Baboon",68
"L13","Bushbaby",5
"L13","Bushbuck",53
"L13","Bushpig",9
"L13","Civet",8
"L13","Duiker_red",4
"L13","Elephant",11
"L13","Genet",32
"L13","Guineafowl_helmeted",2
"L13","Honey_badger",2
"L13","Impala",1
"L13","Mongoose_banded",1
"L13","Mongoose_bushy_tailed",25
"L13","Mongoose_marsh",2
"L13","Mongoose_slender",6
"L13","Nyala",26
"L13","Porcupine",8
"L13","Sable_antelope",2
"L13","Vervet",15
"L13","Warthog",22
"L13","Waterbuck",16
"M08","Baboon",206
"M08","Bushbaby",9
"M08","Bushbuck",332
"M08","Bushpig",50
"M08","Civet",3
"M08","Elephant",36
"M08","Genet",9
"M08","Guineafowl_helmeted",2
"M08","Hare",6
"M08","Honey_badger",16
"M08","Impala",25
"M08","Kudu",3
"M08","Lion",1
"M08","Mongoose_banded",1
"M08","Mongoose_marsh",3
"M08","Mongoose_slender",1
"M08","Mongoose_white_tailed",1
"M08","Nyala",2
"M08","Oribi",37
"M08","Porcupine",47
"M08","Reedbuck",19
"M08","Sable_antelope",4
"M08","Serval",3
"M08","Vervet",12
"M08","Warthog",407
"M08","Waterbuck",335
"M10","Aardvark",11
"M10","Baboon",165
"M10","Buffalo",8
"M10","Bushbuck",315
"M10","Bushpig",6
"M10","Civet",26
"M10","Elephant",28
"M10","Genet",9
"M10","Hare",30
"M10","Honey_badger",2
"M10","Impala",3
"M10","Kudu",3
"M10","Mongoose_banded",3
"M10","Mongoose_marsh",1
"M10","Oribi",48
"M10","Porcupine",17
"M10","Reedbuck",8
"M10","Vervet",43
"M10","Warthog",365
"M10","Waterbuck",165
